{
 "target_0": {
  "source_0": {
   "mean_abs_error": 34.50324249267578,
   "mean_squared_error": 2919.5791015625,
   "euclidian_distance": 2253.900390625,
   "manhattan_distance": 60035.640625
  }
 }
}