{
 "target_0": {
  "source_0": {
   "mean_abs_error": 26.566638946533203,
   "mean_squared_error": 1283.4227294921875,
   "euclidian_distance": 1494.374755859375,
   "manhattan_distance": 46225.953125
  }
 }
}